Tiêu đề,Ghi chú,URL,Nhận xét
CÔNG TY CỔ PHẦN ĐẦU TƯ VÀ THƯƠNG MẠI SATORI,,https://www.google.com/maps/place/C%C3%94NG+TY+C%E1%BB%94+PH%E1%BA%A6N+%C4%90%E1%BA%A6U+T%C6%AF+V%C3%80+TH%C6%AF%C6%A0NG+M%E1%BA%A0I+SATORI/data=!4m2!3m1!1s0x317531603d0a27dd:0x3dd29ae48c2451a,
Đại Lý Nước Khoáng Hồng Anh 423/26,,https://www.google.com/maps/place/%C4%90%E1%BA%A1i+L%C3%BD+N%C6%B0%E1%BB%9Bc+Kho%C3%A1ng+H%E1%BB%93ng+Anh+423%2F26/data=!4m2!3m1!1s0x31752a2134529f25:0x940b0a304a563d61,
Đại Lý Nước Tinh Khiết,,https://www.google.com/maps/place/%C4%90%E1%BA%A1i+L%C3%BD+N%C6%B0%E1%BB%9Bc+Tinh+Khi%E1%BA%BFt/data=!4m2!3m1!1s0x3174d600c82c88af:0x38a6eeb6ce308b73,
Giao nước tận nhà - Lê Phát Water,,https://www.google.com/maps/place/Giao+n%C6%B0%E1%BB%9Bc+t%E1%BA%ADn+nh%C3%A0+-+L%C3%AA+Ph%C3%A1t+Water/data=!4m2!3m1!1s0x31752b0fe03bc881:0xbad6346ce9ab87cb,
"Đại lý nước khoáng SÁU THẮNG: Lavie,Viva, Biwase, Vĩnh hảo, Vihawa.",,"https://www.google.com/maps/place/%C4%90%E1%BA%A1i+l%C3%BD+n%C6%B0%E1%BB%9Bc+kho%C3%A1ng+S%C3%81U+TH%E1%BA%AENG:+Lavie,Viva,+Biwase,+V%C4%A9nh+h%E1%BA%A3o,+Vihawa./data=!4m2!3m1!1s0x3174d75bf43073ff:0x1c65c19dd1cfe45",
Đại Lý Nước Uống Nhiên Tường,,https://www.google.com/maps/place/%C4%90%E1%BA%A1i+L%C3%BD+N%C6%B0%E1%BB%9Bc+U%E1%BB%91ng+Nhi%C3%AAn+T%C6%B0%E1%BB%9Dng/data=!4m2!3m1!1s0x31752bf78441ed05:0x59e541547b995706,
Đại Lý Gas Nước Khoáng Nhật Minh,,https://www.google.com/maps/place/%C4%90%E1%BA%A1i+L%C3%BD+Gas+N%C6%B0%E1%BB%9Bc+Kho%C3%A1ng+Nh%E1%BA%ADt+Minh/data=!4m2!3m1!1s0x3175298e729bb56d:0x9d90fa8b323d2a51,
Nước uống ion kiềm Fujiwa,,https://www.google.com/maps/place/N%C6%B0%E1%BB%9Bc+u%E1%BB%91ng+ion+ki%E1%BB%81m+Fujiwa/data=!4m2!3m1!1s0x31752b70ebcfb8e7:0x14fd568c7e20754f,
Đại Lý Gas - Nước Khoáng Tuyết Trang,,https://www.google.com/maps/place/%C4%90%E1%BA%A1i+L%C3%BD+Gas+-+N%C6%B0%E1%BB%9Bc+Kho%C3%A1ng+Tuy%E1%BA%BFt+Trang/data=!4m2!3m1!1s0x31752a0253ad87a9:0xac2ad05655c61f5b,
Đại lý nước khoáng Thanh Tâm,,https://www.google.com/maps/place/%C4%90%E1%BA%A1i+l%C3%BD+n%C6%B0%E1%BB%9Bc+kho%C3%A1ng+Thanh+T%C3%A2m/data=!4m2!3m1!1s0x31752b82328bd679:0xc5a4209b45943e6d,
Đại Lý Gạo Và Nước Uống Thu Hà,,https://www.google.com/maps/place/%C4%90%E1%BA%A1i+L%C3%BD+G%E1%BA%A1o+V%C3%A0+N%C6%B0%E1%BB%9Bc+U%E1%BB%91ng+Thu+H%C3%A0/data=!4m2!3m1!1s0x31752a0f12200841:0x52c467c4bbcb04c7,
Đại Lý nước uống LAVIE - ĐT 028-35933312,,https://www.google.com/maps/place/%C4%90%E1%BA%A1i+L%C3%BD+n%C6%B0%E1%BB%9Bc+u%E1%BB%91ng+LAVIE+-+%C4%90T+028-35933312/data=!4m2!3m1!1s0x31752bf5ade72eab:0x5031147084b578f0,
Thu Thủy - Đại lý nước Bidrico bình 21 lít,,https://www.google.com/maps/place/Thu+Th%E1%BB%A7y+-+%C4%90%E1%BA%A1i+l%C3%BD+n%C6%B0%E1%BB%9Bc+Bidrico+b%C3%ACnh+21+l%C3%ADt/data=!4m2!3m1!1s0x31752b3c956261ad:0xb840375f8cf2fcf4,
Đại Lý Nước Uống Tinh Khiết Puro Life,,https://www.google.com/maps/place/%C4%90%E1%BA%A1i+L%C3%BD+N%C6%B0%E1%BB%9Bc+U%E1%BB%91ng+Tinh+Khi%E1%BA%BFt+Puro+Life/data=!4m2!3m1!1s0x3174cf53f0145aa3:0x4215d4486344ed2c,
Đại Lý Bia Nước Ngọt Kim Nguyên,,https://www.google.com/maps/place/%C4%90%E1%BA%A1i+L%C3%BD+Bia+N%C6%B0%E1%BB%9Bc+Ng%E1%BB%8Dt+Kim+Nguy%C3%AAn/data=!4m2!3m1!1s0x31752e6215e862b7:0xfdb9217b3d3c7b6f,
Đại Lý Nước Đóng Chai Đinh Văn Hữu,,https://www.google.com/maps/place/%C4%90%E1%BA%A1i+L%C3%BD+N%C6%B0%E1%BB%9Bc+%C4%90%C3%B3ng+Chai+%C4%90inh+V%C4%83n+H%E1%BB%AFu/data=!4m2!3m1!1s0x3174d6f05007f209:0xec9398d9c24fc4b8,
Đại Lý Nước Thành Trung,,https://www.google.com/maps/place/%C4%90%E1%BA%A1i+L%C3%BD+N%C6%B0%E1%BB%9Bc+Th%C3%A0nh+Trung/data=!4m2!3m1!1s0x3174d1e212fafb2d:0x23ae390bb5f5b58e,
đại lý nước uống thành công,,https://www.google.com/maps/place/%C4%91%E1%BA%A1i+l%C3%BD+n%C6%B0%E1%BB%9Bc+u%E1%BB%91ng+th%C3%A0nh+c%C3%B4ng/data=!4m2!3m1!1s0x31752b41a6f88635:0x8f3e227c5a6182a6,
"Công Ty Giao Nước Uống, Nước Suối Quận 1, Quận 3, Quận 2",,"https://www.google.com/maps/place/C%C3%B4ng+Ty+Giao+N%C6%B0%E1%BB%9Bc+U%E1%BB%91ng,+N%C6%B0%E1%BB%9Bc+Su%E1%BB%91i+Qu%E1%BA%ADn+1,+Qu%E1%BA%ADn+3,+Qu%E1%BA%ADn+2/data=!4m2!3m1!1s0x3174d9127671fb7f:0xa89960ec8c279bfc",
"Công ty Giao Nước Vihawa - Nước Aquafina - Nước Satori - Nước Vĩnh Hảo Quận 
Bình Thạnh",,https://www.google.com/maps/place/C%C3%B4ng+ty+Giao+N%C6%B0%E1%BB%9Bc+Vihawa+-+N%C6%B0%E1%BB%9Bc+Aquafina+-+N%C6%B0%E1%BB%9Bc+Satori+-+N%C6%B0%E1%BB%9Bc+V%C4%A9nh+H%E1%BA%A3o+Qu%E1%BA%ADn+%0AB%C3%ACnh+Th%E1%BA%A1nh/data=!4m2!3m1!1s0x31752930ade5af55:0xc9eb8271ffb2c14b,
Công Ty TNHH Đầu Tư Phát Triển Huỳnh Phát - Hupha Water,,https://www.google.com/maps/place/C%C3%B4ng+Ty+TNHH+%C4%90%E1%BA%A7u+T%C6%B0+Ph%C3%A1t+Tri%E1%BB%83n+Hu%E1%BB%B3nh+Ph%C3%A1t+-+Hupha+Water/data=!4m2!3m1!1s0x317529ad23bd9abf:0xdbb6998a57dab53f,
Nhà phân phối nước suối Number 1| ADOLI,,https://www.google.com/maps/place/Nh%C3%A0+ph%C3%A2n+ph%E1%BB%91i+n%C6%B0%E1%BB%9Bc+su%E1%BB%91i+Number+1%7C+ADOLI/data=!4m2!3m1!1s0x31752d15230c723f:0xcef04879525ea137,
"Nước Khoáng Lavie - Nước Khoáng Vĩnh Hảo - Nước Ion Life - Nước Fujiwa - 
Nước Bidrico - Nước Satori",,https://www.google.com/maps/place/N%C6%B0%E1%BB%9Bc+Kho%C3%A1ng+Lavie+-+N%C6%B0%E1%BB%9Bc+Kho%C3%A1ng+V%C4%A9nh+H%E1%BA%A3o+-+N%C6%B0%E1%BB%9Bc+Ion+Life+-+N%C6%B0%E1%BB%9Bc+Fujiwa+-+%0AN%C6%B0%E1%BB%9Bc+Bidrico+-+N%C6%B0%E1%BB%9Bc+Satori/data=!4m2!3m1!1s0x317529e10e3c5659:0xc99bd088bebf988c,
Đại Lý Nước Gia Thành Lộc,,https://www.google.com/maps/place/%C4%90%E1%BA%A1i+L%C3%BD+N%C6%B0%E1%BB%9Bc+Gia+Th%C3%A0nh+L%E1%BB%99c/data=!4m2!3m1!1s0x31752ff10823ba4f:0x258d06010478edb8,
Đại Lý Gạo Và Nước Suối Minh Đạt,,https://www.google.com/maps/place/%C4%90%E1%BA%A1i+L%C3%BD+G%E1%BA%A1o+V%C3%A0+N%C6%B0%E1%BB%9Bc+Su%E1%BB%91i+Minh+%C4%90%E1%BA%A1t/data=!4m2!3m1!1s0x31752e815fbc0417:0xd4e2af809390656,
ĐẠI LÝ NƯỚC ĐÁ SẠCH PHÚ HOÀ,,https://www.google.com/maps/place/%C4%90%E1%BA%A0I+L%C3%9D+N%C6%AF%E1%BB%9AC+%C4%90%C3%81+S%E1%BA%A0CH+PH%C3%9A+HO%C3%80/data=!4m2!3m1!1s0x3174d11a74a2a4df:0x2eb76db4042569e8,
Đại Lý Nước Khoáng Nhật Vy Quận 2,,https://www.google.com/maps/place/%C4%90%E1%BA%A1i+L%C3%BD+N%C6%B0%E1%BB%9Bc+Kho%C3%A1ng+Nh%E1%BA%ADt+Vy+Qu%E1%BA%ADn+2/data=!4m2!3m1!1s0x317525e30ec8105b:0x8e55614cc6b35fc,
Đại lý nước khoáng Cang Phát,,https://www.google.com/maps/place/%C4%90%E1%BA%A1i+l%C3%BD+n%C6%B0%E1%BB%9Bc+kho%C3%A1ng+Cang+Ph%C3%A1t/data=!4m2!3m1!1s0x67efbaeabbf96063:0x73bff47d91310829,
Công Ty Giao Nước Bidrico - Nước Ionlife - Giao Nước Uống Tận Nhà,,https://www.google.com/maps/place/C%C3%B4ng+Ty+Giao+N%C6%B0%E1%BB%9Bc+Bidrico+-+N%C6%B0%E1%BB%9Bc+Ionlife+-+Giao+N%C6%B0%E1%BB%9Bc+U%E1%BB%91ng+T%E1%BA%ADn+Nh%C3%A0/data=!4m2!3m1!1s0x31753ab12d4456f7:0xfbe13e423fde93b4,
Đại Lý Nước Khoáng,,https://www.google.com/maps/place/%C4%90%E1%BA%A1i+L%C3%BD+N%C6%B0%E1%BB%9Bc+Kho%C3%A1ng/data=!4m2!3m1!1s0x3175254cd6bc5c2f:0x2ee6600658567ceb,
"Đại lý phân phối nước bình MINH PHÚC | Giao tận nơi Vĩnh Hảo Lavie Vihawa 
Ion Life bình 20 | Q12, Vĩnh Lộc A, ngã ba Mỹ Hạnh",,"https://www.google.com/maps/place/%C4%90%E1%BA%A1i+l%C3%BD+ph%C3%A2n+ph%E1%BB%91i+n%C6%B0%E1%BB%9Bc+b%C3%ACnh+MINH+PH%C3%9AC+%7C+Giao+t%E1%BA%ADn+n%C6%A1i+V%C4%A9nh+H%E1%BA%A3o+Lavie+Vihawa+%0AIon+Life+b%C3%ACnh+20+%7C+Q12,+V%C4%A9nh+L%E1%BB%99c+A,+ng%C3%A3+ba+M%E1%BB%B9+H%E1%BA%A1nh/data=!4m2!3m1!1s0x31752bf82526bff5:0x661f0bc3fa7842cf",
Nhà phân phối- Đại Lý nước Vĩnh Hảo Vihawa,,https://www.google.com/maps/place/Nh%C3%A0+ph%C3%A2n+ph%E1%BB%91i-+%C4%90%E1%BA%A1i+L%C3%BD+n%C6%B0%E1%BB%9Bc+V%C4%A9nh+H%E1%BA%A3o+Vihawa/data=!4m2!3m1!1s0x3174d9e4fef9096f:0x845c038e227c5028,
Công Ty Tnhh Thương Mại Gạo Nước Suối Bình Minh - Đại Lý Gas Bình Minh,,https://www.google.com/maps/place/C%C3%B4ng+Ty+Tnhh+Th%C6%B0%C6%A1ng+M%E1%BA%A1i+G%E1%BA%A1o+N%C6%B0%E1%BB%9Bc+Su%E1%BB%91i+B%C3%ACnh+Minh+-+%C4%90%E1%BA%A1i+L%C3%BD+Gas+B%C3%ACnh+Minh/data=!4m2!3m1!1s0x31752b94605c3715:0x1bc62b42c4532a70,
Công Ty Giao Nước Satori - Nước Vĩnh Hảo - Nước Lavie Quận 2,,https://www.google.com/maps/place/C%C3%B4ng+Ty+Giao+N%C6%B0%E1%BB%9Bc+Satori+-+N%C6%B0%E1%BB%9Bc+V%C4%A9nh+H%E1%BA%A3o+-+N%C6%B0%E1%BB%9Bc+Lavie+Qu%E1%BA%ADn+2/data=!4m2!3m1!1s0x3174d9f713b32f27:0xda7fb158f6db3704,
Đại Lý Giao Nước khoáng Lavie Vĩnh hảo THANH THỦY,,https://www.google.com/maps/place/%C4%90%E1%BA%A1i+L%C3%BD+Giao+N%C6%B0%E1%BB%9Bc+kho%C3%A1ng+Lavie+V%C4%A9nh+h%E1%BA%A3o+THANH+TH%E1%BB%A6Y/data=!4m2!3m1!1s0x3175259bc04d9b59:0xdd1a63c20b6f30bd,
Đại Lý Bia - Nước Giải Khát Hoàng Sơn,,https://www.google.com/maps/place/%C4%90%E1%BA%A1i+L%C3%BD+Bia+-+N%C6%B0%E1%BB%9Bc+Gi%E1%BA%A3i+Kh%C3%A1t+Ho%C3%A0ng+S%C6%A1n/data=!4m2!3m1!1s0x317529544be228b5:0x6bfc7e1611a05ad8,
Đại Lý Nước Uống Thanh Quí,,https://www.google.com/maps/place/%C4%90%E1%BA%A1i+L%C3%BD+N%C6%B0%E1%BB%9Bc+U%E1%BB%91ng+Thanh+Qu%C3%AD/data=!4m2!3m1!1s0x3174dfd6af661fbf:0x609c2a93bad221ef,
Đại Lý Nước : Bá Phúc,,https://www.google.com/maps/place/%C4%90%E1%BA%A1i+L%C3%BD+N%C6%B0%E1%BB%9Bc+:+B%C3%A1+Ph%C3%BAc/data=!4m2!3m1!1s0x31752f0034a3f0b5:0x747cf37c061b2eb5,
Đại Lý Nước Đóng Chai Minh Nhật,,https://www.google.com/maps/place/%C4%90%E1%BA%A1i+L%C3%BD+N%C6%B0%E1%BB%9Bc+%C4%90%C3%B3ng+Chai+Minh+Nh%E1%BA%ADt/data=!4m2!3m1!1s0x3174d7a2305b26d1:0xbd7275d7e0989f7f,
Đại Lý giao nước (Giao Nước Tốt),,https://www.google.com/maps/place/%C4%90%E1%BA%A1i+L%C3%BD+giao+n%C6%B0%E1%BB%9Bc+(Giao+N%C6%B0%E1%BB%9Bc+T%E1%BB%91t)/data=!4m2!3m1!1s0x31752fa71e9a7201:0x35524b328a4a100,
Đại lý nước đóng ly Tâm Tất,,https://www.google.com/maps/place/%C4%90%E1%BA%A1i+l%C3%BD+n%C6%B0%E1%BB%9Bc+%C4%91%C3%B3ng+ly+T%C3%A2m+T%E1%BA%A5t/data=!4m2!3m1!1s0x31752d514d0f8257:0xf0542503bc221140,
Đại Lý Nước Uống Tinh Khiết Thiên Long,,https://www.google.com/maps/place/%C4%90%E1%BA%A1i+L%C3%BD+N%C6%B0%E1%BB%9Bc+U%E1%BB%91ng+Tinh+Khi%E1%BA%BFt+Thi%C3%AAn+Long/data=!4m2!3m1!1s0x31752a47c8a5d9e7:0x70fc221781a786c6,
Đại lý nước uống Lavie Củ Chi,,https://www.google.com/maps/place/%C4%90%E1%BA%A1i+l%C3%BD+n%C6%B0%E1%BB%9Bc+u%E1%BB%91ng+Lavie+C%E1%BB%A7+Chi/data=!4m2!3m1!1s0x310b2b211b5d5405:0xdb7d41c482d7bdeb,
Đại lý Lavie - Vĩnh Hảo Dĩ An,,https://www.google.com/maps/place/%C4%90%E1%BA%A1i+l%C3%BD+Lavie+-+V%C4%A9nh+H%E1%BA%A3o+D%C4%A9+An/data=!4m2!3m1!1s0x3174d95fac3fa573:0x51a008024660bd1,
"Hoà Thu Giao Nước Uống Đóng Bình Hóc Môn - Giao Nước Tận Nơi (Nước Chính 
Hãng i-on Life, Lavie, Vĩnh Hảo, Vihawa, Bidrico)",,"https://www.google.com/maps/place/Ho%C3%A0+Thu+Giao+N%C6%B0%E1%BB%9Bc+U%E1%BB%91ng+%C4%90%C3%B3ng+B%C3%ACnh+H%C3%B3c+M%C3%B4n+-+Giao+N%C6%B0%E1%BB%9Bc+T%E1%BA%ADn+N%C6%A1i+(N%C6%B0%E1%BB%9Bc+Ch%C3%ADnh+%0AH%C3%A3ng+i-on+Life,+Lavie,+V%C4%A9nh+H%E1%BA%A3o,+Vihawa,+Bidrico)/data=!4m2!3m1!1s0x31752b7b76dcc79b:0x51383f84d5278ece",
Đại lý Gạo Nước - Đại Thuỷ Mộc,,https://www.google.com/maps/place/%C4%90%E1%BA%A1i+l%C3%BD+G%E1%BA%A1o+N%C6%B0%E1%BB%9Bc+-+%C4%90%E1%BA%A1i+Thu%E1%BB%B7+M%E1%BB%99c/data=!4m2!3m1!1s0x31752f175a1d4d85:0xee83fca5fa4d34ea,
Đại Lý Nước Uống Tinh Khiết M-Kitech,,https://www.google.com/maps/place/%C4%90%E1%BA%A1i+L%C3%BD+N%C6%B0%E1%BB%9Bc+U%E1%BB%91ng+Tinh+Khi%E1%BA%BFt+M-Kitech/data=!4m2!3m1!1s0x31752c1dc1e2b4cb:0x65ec455ff4e1b168,
Đại lý nước Đong Đong-Trang Xóm Rẫy,,https://www.google.com/maps/place/%C4%90%E1%BA%A1i+l%C3%BD+n%C6%B0%E1%BB%9Bc+%C4%90ong+%C4%90ong-Trang+X%C3%B3m+R%E1%BA%ABy/data=!4m2!3m1!1s0x31753157bc4f3837:0xf2535e900ab4c04,
Đại lý nước uống LE SỸ TÀI,,https://www.google.com/maps/place/%C4%90%E1%BA%A1i+l%C3%BD+n%C6%B0%E1%BB%9Bc+u%E1%BB%91ng+LE+S%E1%BB%B8+T%C3%80I/data=!4m2!3m1!1s0x317531000985b765:0x4d07e228a2d14175,
Đại lý Giao Nước Tốt,,https://www.google.com/maps/place/%C4%90%E1%BA%A1i+l%C3%BD+Giao+N%C6%B0%E1%BB%9Bc+T%E1%BB%91t/data=!4m2!3m1!1s0x317529fc1931665d:0x3daad2d462c5bcee,
"Đại Lý Nước Uống LaVie.Vĩnh Hảo ,Aquafina,satori Thủ Dầu Một ,Bình Dương",,"https://www.google.com/maps/place/%C4%90%E1%BA%A1i+L%C3%BD+N%C6%B0%E1%BB%9Bc+U%E1%BB%91ng+LaVie.V%C4%A9nh+H%E1%BA%A3o+,Aquafina,satori+Th%E1%BB%A7+D%E1%BA%A7u+M%E1%BB%99t+,B%C3%ACnh+D%C6%B0%C6%A1ng/data=!4m2!3m1!1s0x3174cf841179af45:0x74b53d1d502ee4f6",
Đại Lý Nước Uống Đóng Chai Tư Mỹ,,https://www.google.com/maps/place/%C4%90%E1%BA%A1i+L%C3%BD+N%C6%B0%E1%BB%9Bc+U%E1%BB%91ng+%C4%90%C3%B3ng+Chai+T%C6%B0+M%E1%BB%B9/data=!4m2!3m1!1s0x31752e862a1cd883:0x3bdbf07a9bb92b56,
Đại lý nước lavie,,https://www.google.com/maps/place/%C4%90%E1%BA%A1i+l%C3%BD+n%C6%B0%E1%BB%9Bc+lavie/data=!4m2!3m1!1s0x31753287a71367df:0x445f19d34da70b03,
Đại Lý Nước Uống Đóng Chai Phong Phú,,https://www.google.com/maps/place/%C4%90%E1%BA%A1i+L%C3%BD+N%C6%B0%E1%BB%9Bc+U%E1%BB%91ng+%C4%90%C3%B3ng+Chai+Phong+Ph%C3%BA/data=!4m2!3m1!1s0x317531c2b57ebb89:0x9e1d49f1694ca24b,
"ĐẠI LÝ NƯỚC UỐNG ANH DŨNG( DĨ AN) Dịch Vụ Giao Nước uống tận nơi. 
LAVIE.VĨNH HẢO.BIDRICO.IONLIFE.BIWASE",,https://www.google.com/maps/place/%C4%90%E1%BA%A0I+L%C3%9D+N%C6%AF%E1%BB%9AC+U%E1%BB%90NG+ANH+D%C5%A8NG(+D%C4%A8+AN)+D%E1%BB%8Bch+V%E1%BB%A5+Giao+N%C6%B0%E1%BB%9Bc+u%E1%BB%91ng+t%E1%BA%ADn+n%C6%A1i.+%0ALAVIE.V%C4%A8NH+H%E1%BA%A2O.BIDRICO.IONLIFE.BIWASE/data=!4m2!3m1!1s0x3174d9941a5e3c13:0x7dd34581217d2c96,
Hupha Water - Đại Lý Nước Uống Ion Kiềm Fujiwa,,https://www.google.com/maps/place/Hupha+Water+-+%C4%90%E1%BA%A1i+L%C3%BD+N%C6%B0%E1%BB%9Bc+U%E1%BB%91ng+Ion+Ki%E1%BB%81m+Fujiwa/data=!4m2!3m1!1s0x3175294f8c0449a5:0x6cbe5eb758c5a2e2,
Đại lý phân phối giao nước suối LaVie,,https://www.google.com/maps/place/%C4%90%E1%BA%A1i+l%C3%BD+ph%C3%A2n+ph%E1%BB%91i+giao+n%C6%B0%E1%BB%9Bc+su%E1%BB%91i+LaVie/data=!4m2!3m1!1s0x31753ac1bdd56c1b:0x928fb5e1082c500b,
Đại lý nước Gia Phát Water,,https://www.google.com/maps/place/%C4%90%E1%BA%A1i+l%C3%BD+n%C6%B0%E1%BB%9Bc+Gia+Ph%C3%A1t+Water/data=!4m2!3m1!1s0x3175293e5b224159:0xdf99e2ce20435858,
Đại Lý Nước Satori - Nước Vihawa - Nước Aquafina Thủ Đức,,https://www.google.com/maps/place/%C4%90%E1%BA%A1i+L%C3%BD+N%C6%B0%E1%BB%9Bc+Satori+-+N%C6%B0%E1%BB%9Bc+Vihawa+-+N%C6%B0%E1%BB%9Bc+Aquafina+Th%E1%BB%A7+%C4%90%E1%BB%A9c/data=!4m2!3m1!1s0x31752fb8b1eb6d4b:0x45f78024251b7b41,
Đại Lý Nước Tinh khiết Khang Nghi,,https://www.google.com/maps/place/%C4%90%E1%BA%A1i+L%C3%BD+N%C6%B0%E1%BB%9Bc+Tinh+khi%E1%BA%BFt+Khang+Nghi/data=!4m2!3m1!1s0x317529ffcc862d5f:0x6ad4785ba46eefa1,
ĐẠI LÝ NƯỚC UNIQUA,,https://www.google.com/maps/place/%C4%90%E1%BA%A0I+L%C3%9D+N%C6%AF%E1%BB%9AC+UNIQUA/data=!4m2!3m1!1s0x31752b62c74ff0f7:0xc62a42ef886e2cc3,
Đại Lý Nước Uống Đóng Chai Vtb Water,,https://www.google.com/maps/place/%C4%90%E1%BA%A1i+L%C3%BD+N%C6%B0%E1%BB%9Bc+U%E1%BB%91ng+%C4%90%C3%B3ng+Chai+Vtb+Water/data=!4m2!3m1!1s0x31752dc5008f494d:0x1291dee55bbe098f,
NPP Nước Hưng Thịnh Phát,,https://www.google.com/maps/place/NPP+N%C6%B0%E1%BB%9Bc+H%C6%B0ng+Th%E1%BB%8Bnh+Ph%C3%A1t/data=!4m2!3m1!1s0x317529f7c23c2d33:0x93849fbb5f5e2b29,
